{
    "requiresCompatibilities": [
        "EC2"
    ],
    "inferenceAccelerators": [],
    "containerDefinitions": [
        {
        "dnsSearchDomains": null,
        "environmentFiles": null,
        "entryPoint": null,
        "portMappings": [],
        "command": null,
        "linuxParameters": null,
        "cpu": 0,
        "environment": [],
        "resourceRequirements": null,   
        "ulimits": null,
        "dnsServers": null,
        "mountPoints": [],
        "workingDirectory": null,
        "secrets": null,
        "dockerSecurityOptions": null,
        "memory": 128,
        "memoryReservation": null,
        "volumesFrom": [],
        "stopTimeout": null,
        "image": "906394416424.dkr.ecr.ap-northeast-2.amazonaws.com/aws-for-fluent-bit:latest",
        "startTimeout": null,
        "firelensConfiguration": {
            "type": "fluentbit",
            "options": null
        },
        "logConfiguration": {
            "logDriver": "awslogs",
            "options": {
                "awslogs-group": "firelens-container",
                "awslogs-region": "ap-northeast-2",
                "awslogs-create-group": "true",
                "awslogs-stream-prefix": "firelens"
            }
        },
        "dependsOn": null,
        "disableNetworking": null,
        "interactive": null,
        "healthCheck": null,
        "essential": true,
        "links": null,
        "hostname": null,
        "extraHosts": null,
        "pseudoTerminal": null,
        "user": "0",
        "readonlyRootFilesystem": null,
        "dockerLabels": null,
        "systemControls": null,
        "privileged": null,
        "name": "log_router"
        },
        {
        "dnsSearchDomains": null,
        "environmentFiles": null,
        "logConfiguration": {
            "logDriver": "awsfirelens",
            "secretOptions": null,
            "options": {
                "log_group_name": "ecs-demogo-log",
                "auto_create_group": "true",
                "log_stream_prefix": "from-fluent-bit",
                "region": "ap-northeast-2",
                "Name": "cloudwatch"
            }
        },
        "entryPoint": null,
        "portMappings": [
          {
            "hostPort": 0,
            "protocol": "tcp",
            "containerPort": 80
          }
        ],
        "command": null,
        "linuxParameters": null,
        "cpu": 0,
        "environment": [],
        "resourceRequirements": null,
        "ulimits": null,
        "dnsServers": null,
        "mountPoints": [],
        "workingDirectory": null,
        "secrets": null,
        "dockerSecurityOptions": null,
        "memory": 128,
        "memoryReservation": null,
        "volumesFrom": [],
        "stopTimeout": null,
        "image": "038445823716.dkr.ecr.ap-northeast-2.amazonaws.com/cats:latest",
        "startTimeout": null,
        "firelensConfiguration": null,
        "dependsOn": null,
        "disableNetworking": null,
        "interactive": null,
        "healthCheck": null,
        "essential": true,
        "links": null,
        "hostname": null,
        "extraHosts": null,
        "pseudoTerminal": null,
        "user": null,
        "readonlyRootFilesystem": null,
        "dockerLabels": null,
        "systemControls": null,
        "privileged": null,
        "name": "cats"
        }
    ],
    "volumes": [],
    "networkMode": null,
    "memory": null,
    "cpu": null,
    "placementConstraints": [],
    "tags": [],
    "family": "catsdef"
}
